Workbook

Sheet Employees
A1: Employee Id | B1: Full Name | C1: Phone Number | D1: Status | E1: Employment | F1: Date Of Joining | G1: UAN | H1: Bank | I1: IFSC | J1: Account Number | K1: Designation | L1: Basic Rate
A2: 1001 | B2: Aarav Sharma | C2: 9876501001 | D2: Active | E2: Permanent | F2: 2024-01-15 | G2: 100100100001 | H2: HDFC Bank | I2: HDFC0001201 | J2: 501001000001 | K2: Site Supervisor | L2: 18500
A3: 1002 | B3: Diya Nair | C3: 9876501002 | D3: Active | E3: Permanent | F3: 2024-01-18 | G3: 100100100002 | H3: ICICI Bank | I3: ICIC0001202 | J3: 501001000002 | K3: HR Executive | L3: 22000
A4: 1003 | B4: Rohan Verma | C4: 9876501003 | D4: Active | E4: Contract | F4: 2024-01-22 | G4: 100100100003 | H4: State Bank of India | I4: SBIN0001203 | J4: 501001000003 | K4: Store Assistant | L4: 16250
A5: 1004 | B5: Meera Iyer | C5: 9876501004 | D5: Active | E5: Permanent | F5: 2024-02-01 | G5: 100100100004 | H5: Axis Bank | I5: UTIB0001204 | J5: 501001000004 | K5: Accounts Assistant | L5: 21000
A6: 1005 | B6: Karthik Rao | C6: 9876501005 | D6: Active | E6: Permanent | F6: 2024-02-05 | G6: 100100100005 | H6: Kotak Mahindra Bank | I6: KKBK0001205 | J6: 501001000005 | K6: Operations Coordinator | L6: 19800
A7: 1006 | B7: Ananya Das | C7: 9876501006 | D7: Active | E7: Contract | F7: 2024-02-09 | G7: 100100100006 | H7: Canara Bank | I7: CNRB0001206 | J7: 501001000006 | K7: Reception Executive | L7: 15000
A8: 1007 | B8: Vikram Singh | C8: 9876501007 | D8: Active | E8: Permanent | F8: 2024-02-14 | G8: 100100100007 | H8: Punjab National Bank | I8: PUNB0001207 | J8: 501001000007 | K8: Branch Admin | L8: 24000
A9: 1008 | B9: Sneha Pillai | C9: 9876501008 | D9: Active | E9: Permanent | F9: 2024-02-20 | G9: 100100100008 | H9: Indian Bank | I9: IDIB0001208 | J9: 501001000008 | K9: Payroll Associate | L9: 20500
A10: 1009 | B10: Aditya Menon | C10: 9876501009 | D10: Active | E10: Contract | F10: 2024-03-01 | G10: 100100100009 | H10: Bank of Baroda | I10: BARB0001209 | J10: 501001000009 | K10: Field Executive | L10: 17200
A11: 1010 | B11: Priya Kulkarni | C11: 9876501010 | D11: Active | E11: Permanent | F11: 2024-03-04 | G11: 100100100010 | H11: Union Bank of India | I11: UBIN0001210 | J11: 501001000010 | K11: Client Support Executive | L11: 18800
A12: 1011 | B12: Manoj Kumar | C12: 9876501011 | D12: Active | E12: Permanent | F12: 2024-03-11 | G12: 100100100011 | H12: Axis Bank | I12: UTIB0001211 | J12: 501001000011 | K12: Warehouse Incharge | L12: 23000
A13: 1012 | B13: Nisha Thomas | C13: 9876501012 | D13: Active | E13: Contract | F13: 2024-03-18 | G13: 100100100012 | H13: Federal Bank | I13: FDRL0001212 | J13: 501001000012 | K13: Data Entry Operator | L13: 14800
... A31: 1030 | B31: Farah Khan | C31: 9876501030 | D31: Active | E31: Contract | F31: 2024-07-15 | G31: 100100100030 | H31: ICICI Bank | I31: ICIC0001230 | J31: 501001000030 | K31: Helpdesk Executive | L31: 16800

Sheet Payroll Data
A1: ID | B1: FULL NAME | C1: Phone Number | D1: Status | E1: Days Paid | F1: OT Hours | G1: Wages Earned | H1: HRA | I1: Proj Allowance | J1: V Allowance | K1: OT Amount | L1: H Allowance | M1: S Allowance | N1: SCA / DA | O1: Mess Allow | P1: Bonus @ 8.33% | Q1: Area Allowance | R1: Washing Allowance | S1: Performance Allowance | T1: GROSS AMT | U1: EPF | V1: Mess | W1: Advance | X1: TDS | Y1: Total Deduction | Z1: Net Pay Credited to Bank A/c
A2: 1001 | B2: =_xlfn.XLOOKUP(A2,Employees!A:A,Employees!B:B,"") -> Aarav Sharma | C2: =_xlfn.XLOOKUP(A2,Employees!A:A,Employees!C:C,"") -> 9876501001 | D2: =_xlfn.XLOOKUP(A2,Employees!A:A,Employees!D:D,"") -> Active | E2: 31 | F2: 0 | G2: 18500 | H2: 7400 | I2: 2500 | J2: NA | K2: 0 | L2: NA | M2: NA | N2: 1200 | O2: 1500 | P2: 0 | Q2: NA | R2: NA | S2: 1000 | T2: 32100 | U2: 1800 | V2: 600 | W2: 0 | X2: 300 | Y2: 2700 | Z2: 29400
A3: 1002 | B3: =_xlfn.XLOOKUP(A3,Employees!A:A,Employees!B:B,"") -> Diya Nair | C3: =_xlfn.XLOOKUP(A3,Employees!A:A,Employees!C:C,"") -> 9876501002 | D3: =_xlfn.XLOOKUP(A3,Employees!A:A,Employees!D:D,"") -> Active | E3: 31 | F3: 0 | G3: 22000 | H3: 8800 | I3: 3000 | J3: NA | K3: 0 | L3: NA | M3: NA | N3: 1400 | O3: 1500 | P3: 0 | Q3: NA | R3: NA | S3: 1200 | T3: 37900 | U3: 1800 | V3: 600 | W3: 0 | X3: 500 | Y3: 2900 | Z3: 35000
A4: 1003 | B4: =_xlfn.XLOOKUP(A4,Employees!A:A,Employees!B:B,"") -> Rohan Verma | C4: =_xlfn.XLOOKUP(A4,Employees!A:A,Employees!C:C,"") -> 9876501003 | D4: =_xlfn.XLOOKUP(A4,Employees!A:A,Employees!D:D,"") -> Active | E4: 30 | F4: 0 | G4: 16250 | H4: 6500 | I4: 2200 | J4: NA | K4: 0 | L4: NA | M4: NA | N4: 1000 | O4: 1200 | P4: 0 | Q4: NA | R4: NA | S4: 800 | T4: 27950 | U4: 1800 | V4: 500 | W4: 0 | X4: 0 | Y4: 2300 | Z4: 25650
A5: 1004 | B5: =_xlfn.XLOOKUP(A5,Employees!A:A,Employees!B:B,"") -> Meera Iyer | C5: =_xlfn.XLOOKUP(A5,Employees!A:A,Employees!C:C,"") -> 9876501004 | D5: =_xlfn.XLOOKUP(A5,Employees!A:A,Employees!D:D,"") -> Active | E5: 31 | F5: 0 | G5: 21000 | H5: 8400 | I5: 2800 | J5: NA | K5: 0 | L5: NA | M5: NA | N5: 1300 | O5: 1500 | P5: 0 | Q5: NA | R5: NA | S5: 1000 | T5: 36000 | U5: 1800 | V5: 600 | W5: 0 | X5: 400 | Y5: 2800 | Z5: 33200
A6: 1005 | B6: =_xlfn.XLOOKUP(A6,Employees!A:A,Employees!B:B,"") -> Karthik Rao | C6: =_xlfn.XLOOKUP(A6,Employees!A:A,Employees!C:C,"") -> 9876501005 | D6: =_xlfn.XLOOKUP(A6,Employees!A:A,Employees!D:D,"") -> Active | E6: 30 | F6: 0 | G6: 19800 | H6: 7920 | I6: 2600 | J6: NA | K6: 0 | L6: NA | M6: NA | N6: 1200 | O6: 1500 | P6: 0 | Q6: NA | R6: NA | S6: 900 | T6: 33920 | U6: 1800 | V6: 600 | W6: 1500 | X6: 200 | Y6: 4100 | Z6: 29820
A7: 1006 | B7: =_xlfn.XLOOKUP(A7,Employees!A:A,Employees!B:B,"") -> Ananya Das | C7: =_xlfn.XLOOKUP(A7,Employees!A:A,Employees!C:C,"") -> 9876501006 | D7: =_xlfn.XLOOKUP(A7,Employees!A:A,Employees!D:D,"") -> Active | E7: 29 | F7: 0 | G7: 15000 | H7: 6000 | I7: 1800 | J7: NA | K7: 0 | L7: NA | M7: NA | N7: 900 | O7: 1000 | P7: 0 | Q7: NA | R7: NA | S7: 600 | T7: 25300 | U7: 1800 | V7: 400 | W7: 0 | X7: 0 | Y7: 2200 | Z7: 23100
A8: 1007 | B8: =_xlfn.XLOOKUP(A8,Employees!A:A,Employees!B:B,"") -> Vikram Singh | C8: =_xlfn.XLOOKUP(A8,Employees!A:A,Employees!C:C,"") -> 9876501007 | D8: =_xlfn.XLOOKUP(A8,Employees!A:A,Employees!D:D,"") -> Active | E8: 31 | F8: 0 | G8: 24000 | H8: 9600 | I8: 3200 | J8: NA | K8: 0 | L8: NA | M8: NA | N8: 1500 | O8: 1500 | P8: 0 | Q8: NA | R8: NA | S8: 1500 | T8: 41300 | U8: 1800 | V8: 700 | W8: 0 | X8: 650 | Y8: 3150 | Z8: 38150
A9: 1008 | B9: =_xlfn.XLOOKUP(A9,Employees!A:A,Employees!B:B,"") -> Sneha Pillai | C9: =_xlfn.XLOOKUP(A9,Employees!A:A,Employees!C:C,"") -> 9876501008 | D9: =_xlfn.XLOOKUP(A9,Employees!A:A,Employees!D:D,"") -> Active | E9: 30 | F9: 0 | G9: 20500 | H9: 8200 | I9: 2700 | J9: NA | K9: 0 | L9: NA | M9: NA | N9: 1200 | O9: 1200 | P9: 0 | Q9: NA | R9: NA | S9: 1000 | T9: 34800 | U9: 1800 | V9: 600 | W9: 0 | X9: 350 | Y9: 2750 | Z9: 32050
A10: 1009 | B10: =_xlfn.XLOOKUP(A10,Employees!A:A,Employees!B:B,"") -> Aditya Menon | C10: =_xlfn.XLOOKUP(A10,Employees!A:A,Employees!C:C,"") -> 9876501009 | D10: =_xlfn.XLOOKUP(A10,Employees!A:A,Employees!D:D,"") -> Active | E10: 30 | F10: 0 | G10: 17200 | H10: 6880 | I10: 2100 | J10: NA | K10: 0 | L10: NA | M10: NA | N10: 1100 | O10: 1200 | P10: 0 | Q10: NA | R10: NA | S10: 700 | T10: 29180 | U10: 1800 | V10: 500 | W10: 0 | X10: 0 | Y10: 2300 | Z10: 26880
A11: 1010 | B11: =_xlfn.XLOOKUP(A11,Employees!A:A,Employees!B:B,"") -> Priya Kulkarni | C11: =_xlfn.XLOOKUP(A11,Employees!A:A,Employees!C:C,"") -> 9876501010 | D11: =_xlfn.XLOOKUP(A11,Employees!A:A,Employees!D:D,"") -> Active | E11: 31 | F11: 0 | G11: 18800 | H11: 7520 | I11: 2400 | J11: NA | K11: 0 | L11: NA | M11: NA | N11: 1150 | O11: 1200 | P11: 0 | Q11: NA | R11: NA | S11: 850 | T11: 31920 | U11: 1800 | V11: 550 | W11: 800 | X11: 150 | Y11: 3300 | Z11: 28620
A12: 1011 | B12: =_xlfn.XLOOKUP(A12,Employees!A:A,Employees!B:B,"") -> Manoj Kumar | C12: =_xlfn.XLOOKUP(A12,Employees!A:A,Employees!C:C,"") -> 9876501011 | D12: =_xlfn.XLOOKUP(A12,Employees!A:A,Employees!D:D,"") -> Active | E12: 30 | F12: 18 | G12: 17500 | H12: 0 | I12: NA | J12: 900 | K12: 1800 | L12: 700 | M12: 500 | N12: NA | O12: 0 | P12: 0 | Q12: 300 | R12: 150 | S12: 0 | T12: 21850 | U12: 1600 | V12: 450 | W12: 1000 | X12: 0 | Y12: 3050 | Z12: 18800
A13: 1012 | B13: =_xlfn.XLOOKUP(A13,Employees!A:A,Employees!B:B,"") -> Nisha Thomas | C13: =_xlfn.XLOOKUP(A13,Employees!A:A,Employees!C:C,"") -> 9876501012 | D13: =_xlfn.XLOOKUP(A13,Employees!A:A,Employees!D:D,"") -> Active | E13: 28 | F13: 12 | G13: 14800 | H13: 0 | I13: NA | J13: 750 | K13: 1200 | L13: 600 | M13: 450 | N13: NA | O13: 0 | P13: 0 | Q13: 250 | R13: 150 | S13: 0 | T13: 18200 | U13: 1400 | V13: 400 | W13: 0 | X13: 0 | Y13: 1800 | Z13: 16400
A14: 1013 | B14: =_xlfn.XLOOKUP(A14,Employees!A:A,Employees!B:B,"") -> Arjun Patel | C14: =_xlfn.XLOOKUP(A14,Employees!A:A,Employees!C:C,"") -> 9876501013 | D14: =_xlfn.XLOOKUP(A14,Employees!A:A,Employees!D:D,"") -> Active | E14: 30 | F14: 20 | G14: 19000 | H14: 0 | I14: NA | J14: 1000 | K14: 2200 | L14: 800 | M14: 550 | N14: NA | O14: 0 | P14: 0 | Q14: 300 | R14: 150 | S14: 900 | T14: 24900 | U14: 1800 | V14: 500 | W14: 0 | X14: 250 | Y14: 2550 | Z14: 22350
A15: 1014 | B15: =_xlfn.XLOOKUP(A15,Employees!A:A,Employees!B:B,"") -> Kavya Reddy | C15: =_xlfn.XLOOKUP(A15,Employees!A:A,Employees!C:C,"") -> 9876501014 | D15: =_xlfn.XLOOKUP(A15,Employees!A:A,Employees!D:D,"") -> Active | E15: 29 | F15: 14 | G15: 18200 | H15: 0 | I15: NA | J15: 950 | K15: 1600 | L15: 750 | M15: 500 | N15: NA | O15: 0 | P15: 0 | Q15: 300 | R15: 150 | S15: 600 | T15: 23050 | U15: 1800 | V15: 450 | W15: 0 | X15: 200 | Y15: 2450 | Z15: 20600
A16: 1015 | B16: =_xlfn.XLOOKUP(A16,Employees!A:A,Employees!B:B,"") -> Harish Babu | C16: =_xlfn.XLOOKUP(A16,Employees!A:A,Employees!C:C,"") -> 9876501015 | D16: =_xlfn.XLOOKUP(A16,Employees!A:A,Employees!D:D,"") -> Active | E16: 27 | F16: 10 | G16: 13200 | H16: 0 | I16: NA | J16: 700 | K16: 900 | L16: 550 | M16: 400 | N16: NA | O16: 0 | P16: 0 | Q16: 250 | R16: 100 | S16: 0 | T16: 16100 | U16: 1200 | V16: 350 | W16: 500 | X16: 0 | Y16: 2050 | Z16: 14050
A17: 1016 | B17: =_xlfn.XLOOKUP(A17,Employees!A:A,Employees!B:B,"") -> Pooja Joshi | C17: =_xlfn.XLOOKUP(A17,Employees!A:A,Employees!C:C,"") -> 9876501016 | D17: =_xlfn.XLOOKUP(A17,Employees!A:A,Employees!D:D,"") -> Active | E17: 30 | F17: 16 | G17: 16800 | H17: 0 | I17: NA | J17: 850 | K17: 1750 | L17: 650 | M17: 450 | N17: NA | O17: 0 | P17: 0 | Q17: 300 | R17: 150 | S17: 500 | T17: 21450 | U17: 1600 | V17: 450 | W17: 0 | X17: 100 | Y17: 2150 | Z17: 19300
A18: 1017 | B18: =_xlfn.XLOOKUP(A18,Employees!A:A,Employees!B:B,"") -> Sanjay Roy | C18: =_xlfn.XLOOKUP(A18,Employees!A:A,Employees!C:C,"") -> 9876501017 | D18: =_xlfn.XLOOKUP(A18,Employees!A:A,Employees!D:D,"") -> Active | E18: 31 | F18: 24 | G18: 18400 | H18: 0 | I18: NA | J18: 1000 | K18: 2600 | L18: 900 | M18: 600 | N18: NA | O18: 0 | P18: 0 | Q18: 300 | R18: 150 | S18: 1200 | T18: 25150 | U18: 1800 | V18: 500 | W18: 0 | X18: 300 | Y18: 2600 | Z18: 22550
A19: 1018 | B19: =_xlfn.XLOOKUP(A19,Employees!A:A,Employees!B:B,"") -> Neha Gupta | C19: =_xlfn.XLOOKUP(A19,Employees!A:A,Employees!C:C,"") -> 9876501018 | D19: =_xlfn.XLOOKUP(A19,Employees!A:A,Employees!D:D,"") -> Active | E19: 28 | F19: 8 | G19: 14200 | H19: 0 | I19: NA | J19: 700 | K19: 800 | L19: 500 | M19: 350 | N19: NA | O19: 0 | P19: 0 | Q19: 250 | R19: 100 | S19: 0 | T19: 16900 | U19: 1400 | V19: 400 | W19: 0 | X19: 0 | Y19: 1800 | Z19: 15100
A20: 1019 | B20: =_xlfn.XLOOKUP(A20,Employees!A:A,Employees!B:B,"") -> Ritesh Yadav | C20: =_xlfn.XLOOKUP(A20,Employees!A:A,Employees!C:C,"") -> 9876501019 | D20: =_xlfn.XLOOKUP(A20,Employees!A:A,Employees!D:D,"") -> Active | E20: 29 | F20: 15 | G20: 17600 | H20: 0 | I20: NA | J20: 900 | K20: 1650 | L20: 700 | M20: 500 | N20: NA | O20: 0 | P20: 0 | Q20: 300 | R20: 150 | S20: 700 | T20: 22500 | U20: 1600 | V20: 450 | W20: 750 | X20: 0 | Y20: 2800 | Z20: 19700
A21: 1020 | B21: =_xlfn.XLOOKUP(A21,Employees!A:A,Employees!B:B,"") -> Aishwarya Sen | C21: =_xlfn.XLOOKUP(A21,Employees!A:A,Employees!C:C,"") -> 9876501020 | D21: =_xlfn.XLOOKUP(A21,Employees!A:A,Employees!D:D,"") -> Active | E21: 30 | F21: 18 | G21: 18600 | H21: 0 | I21: NA | J21: 950 | K21: 2100 | L21: 800 | M21: 550 | N21: NA | O21: 0 | P21: 0 | Q21: 300 | R21: 150 | S21: 800 | T21: 24250 | U21: 1800 | V21: 500 | W21: 0 | X21: 220 | Y21: 2520 | Z21: 21730
A22: 1021 | B22: =_xlfn.XLOOKUP(A22,Employees!A:A,Employees!B:B,"") -> Deepak Chandra | C22: =_xlfn.XLOOKUP(A22,Employees!A:A,Employees!C:C,"") -> 9876501021 | D22: =_xlfn.XLOOKUP(A22,Employees!A:A,Employees!D:D,"") -> Active | E22: 24 | F22: 0 | G22: 11800 | H22: NA | I22: 0 | J22: 0 | K22: 0 | L22: NA | M22: 0 | N22: 500 | O22: 0 | P22: NA | Q22: 0 | R22: 100 | S22: NA | T22: 12400 | U22: 900 | V22: 300 | W22: 0 | X22: 0 | Y22: 1200 | Z22: 11200
A23: 1022 | B23: =_xlfn.XLOOKUP(A23,Employees!A:A,Employees!B:B,"") -> Shreya Banerjee | C23: =_xlfn.XLOOKUP(A23,Employees!A:A,Employees!C:C,"") -> 9876501022 | D23: =_xlfn.XLOOKUP(A23,Employees!A:A,Employees!D:D,"") -> Active | E23: 25 | F23: 4 | G23: 12600 | H23: NA | I23: 0 | J23: 0 | K23: 400 | L23: NA | M23: 0 | N23: 500 | O23: 0 | P23: NA | Q23: 0 | R23: 100 | S23: NA | T23: 13600 | U23: 950 | V23: 300 | W23: 0 | X23: 0 | Y23: 1250 | Z23: 12350
A24: 1023 | B24: =_xlfn.XLOOKUP(A24,Employees!A:A,Employees!B:B,"") -> Akash Mishra | C24: =_xlfn.XLOOKUP(A24,Employees!A:A,Employees!C:C,"") -> 9876501023 | D24: =_xlfn.XLOOKUP(A24,Employees!A:A,Employees!D:D,"") -> Active | E24: 23 | F24: 0 | G24: 13200 | H24: 0 | I24: 0 | J24: 0 | K24: 0 | L24: NA | M24: 0 | N24: 500 | O24: 0 | P24: NA | Q24: 0 | R24: 100 | S24: 0 | T24: 13800 | U24: 1000 | V24: 300 | W24: 500 | X24: 0 | Y24: 1800 | Z24: 12000
A25: 1024 | B25: =_xlfn.XLOOKUP(A25,Employees!A:A,Employees!B:B,"") -> Divya Kapoor | C25: =_xlfn.XLOOKUP(A25,Employees!A:A,Employees!C:C,"") -> 9876501024 | D25: =_xlfn.XLOOKUP(A25,Employees!A:A,Employees!D:D,"") -> Active | E25: 26 | F25: 0 | G25: 14000 | H25: NA | I25: 0 | J25: 0 | K25: 0 | L25: NA | M25: 0 | N25: 600 | O25: 0 | P25: NA | Q25: 0 | R25: 100 | S25: NA | T25: 14700 | U25: 1100 | V25: 300 | W25: 0 | X25: 0 | Y25: 1400 | Z25: 13300
A26: 1025 | B26: =_xlfn.XLOOKUP(A26,Employees!A:A,Employees!B:B,"") -> Gaurav Jain | C26: =_xlfn.XLOOKUP(A26,Employees!A:A,Employees!C:C,"") -> 9876501025 | D26: =_xlfn.XLOOKUP(A26,Employees!A:A,Employees!D:D,"") -> Active | E26: 24 | F26: 6 | G26: 13800 | H26: 0 | I26: 0 | J26: 0 | K26: 600 | L26: NA | M26: 0 | N26: 600 | O26: 0 | P26: NA | Q26: 0 | R26: 100 | S26: 0 | T26: 15100 | U26: 1050 | V26: 300 | W26: 0 | X26: 0 | Y26: 1350 | Z26: 13750
A27: 1026 | B27: =_xlfn.XLOOKUP(A27,Employees!A:A,Employees!B:B,"") -> Ishita Paul | C27: =_xlfn.XLOOKUP(A27,Employees!A:A,Employees!C:C,"") -> 9876501026 | D27: =_xlfn.XLOOKUP(A27,Employees!A:A,Employees!D:D,"") -> Active | E27: 22 | F27: 0 | G27: 12000 | H27: NA | I27: 0 | J27: 0 | K27: 0 | L27: NA | M27: 0 | N27: 500 | O27: 0 | P27: NA | Q27: 0 | R27: 100 | S27: NA | T27: 12600 | U27: 900 | V27: 300 | W27: 300 | X27: 0 | Y27: 1500 | Z27: 11100
A28: 1027 | B28: =_xlfn.XLOOKUP(A28,Employees!A:A,Employees!B:B,"") -> Rahul Sinha | C28: =_xlfn.XLOOKUP(A28,Employees!A:A,Employees!C:C,"") -> 9876501027 | D28: =_xlfn.XLOOKUP(A28,Employees!A:A,Employees!D:D,"") -> Active | E28: 25 | F28: 5 | G28: 14500 | H28: 0 | I28: 0 | J28: 0 | K28: 500 | L28: NA | M28: 0 | N28: 600 | O28: 0 | P28: NA | Q28: 0 | R28: 100 | S28: 0 | T28: 15700 | U28: 1100 | V28: 300 | W28: 0 | X28: 0 | Y28: 1400 | Z28: 14300
A29: 1028 | B29: =_xlfn.XLOOKUP(A29,Employees!A:A,Employees!B:B,"") -> Anjali Mehta | C29: =_xlfn.XLOOKUP(A29,Employees!A:A,Employees!C:C,"") -> 9876501028 | D29: =_xlfn.XLOOKUP(A29,Employees!A:A,Employees!D:D,"") -> Active | E29: 24 | F29: 0 | G29: 12800 | H29: NA | I29: 0 | J29: 0 | K29: 0 | L29: NA | M29: 0 | N29: 500 | O29: 0 | P29: NA | Q29: 0 | R29: 100 | S29: NA | T29: 13400 | U29: 950 | V29: 300 | W29: 0 | X29: 0 | Y29: 1250 | Z29: 12150
A30: 1029 | B30: =_xlfn.XLOOKUP(A30,Employees!A:A,Employees!B:B,"") -> Naveen Prasad | C30: =_xlfn.XLOOKUP(A30,Employees!A:A,Employees!C:C,"") -> 9876501029 | D30: =_xlfn.XLOOKUP(A30,Employees!A:A,Employees!D:D,"") -> Active | E30: 26 | F30: 2 | G30: 15000 | H30: 0 | I30: 0 | J30: 0 | K30: 200 | L30: NA | M30: 0 | N30: 600 | O30: 0 | P30: NA | Q30: 0 | R30: 100 | S30: 0 | T30: 15900 | U30: 1100 | V30: 300 | W30: 700 | X30: 0 | Y30: 2100 | Z30: 13800
A31: 1030 | B31: =_xlfn.XLOOKUP(A31,Employees!A:A,Employees!B:B,"") -> Farah Khan | C31: =_xlfn.XLOOKUP(A31,Employees!A:A,Employees!C:C,"") -> 9876501030 | D31: =_xlfn.XLOOKUP(A31,Employees!A:A,Employees!D:D,"") -> Active | E31: 23 | F31: 0 | G31: 12200 | H31: NA | I31: 0 | J31: 0 | K31: 0 | L31: NA | M31: 0 | N31: 500 | O31: 0 | P31: NA | Q31: 0 | R31: 100 | S31: NA | T31: 12800 | U31: 900 | V31: 300 | W31: 0 | X31: 0 | Y31: 1200 | Z31: 11600
